X,Y,Z,R,G,B,nX,nY,nZ
-0.0109177,0.0430908,-0.385498,50.0,16.0,8.0,-0.299444,-0.600722,0.74126
-0.0235748,0.0227509,-0.382324,41.0,21.0,1.0,-0.339908,0.663277,0.666728
-0.021698,0.0226898,-0.381348,32.0,13.0,0.0,-0.330147,0.660756,0.674096
-0.0198212,0.0226288,-0.380371,36.0,19.0,5.0,-0.328844,0.663735,0.671802
-0.0179596,0.0225677,-0.379395,31.0,13.0,2.0,-0.333435,0.663128,0.670136
-0.0161133,0.022522,-0.378418,33.0,16.0,2.0,-0.3448,0.66818,0.659279
-0.0142822,0.0224609,-0.377441,30.0,16.0,1.0,-0.1484,0.785089,0.601342
-0.0124893,0.0224609,-0.377441,36.0,19.0,5.0,-0.149355,0.785175,0.600994
-0.0106659,0.0223999,-0.376465,34.0,20.0,5.0,-0.149585,0.78593,0.599948
-0.00887299,0.0223999,-0.376465,37.0,23.0,8.0,-0.0421876,0.850401,0.524441
-0.00708389,0.0223999,-0.376465,36.0,22.0,7.0,0.0,0.870674,0.491861
-0.00529099,0.0223999,-0.376465,43.0,26.0,12.0,-0.310717,0.804759,0.505784
-0.00347519,0.0222168,-0.373291,38.0,21.0,7.0,-0.371263,0.764049,0.52763
-0.00169849,0.0222168,-0.373291,39.0,22.0,6.0,0.0,0.841524,0.54022
7.74264e-05,0.0222168,-0.373291,36.0,20.0,13.0,-0.0448403,0.851389,0.522615
0.00184822,0.0221558,-0.372314,34.0,20.0,12.0,0.275973,0.911297,0.305577
0.00363922,0.0222778,-0.374268,34.0,18.0,11.0,0.120321,0.943182,0.309727
0.00544739,0.0223999,-0.376465,36.0,21.0,11.0,0.283972,0.89059,0.355261
0.00727844,0.022522,-0.378418,32.0,17.0,5.0,0.264472,0.849973,0.455632
0.00910187,0.0225677,-0.379395,38.0,21.0,7.0,0.242252,0.772432,0.587079
0.0109329,0.0226288,-0.380371,37.0,18.0,3.0,0.210021,0.739968,0.639014
0.0127487,0.0226288,-0.380371,35.0,16.0,1.0,-0.251986,0.24953,0.935007
-0.0253143,0.020874,-0.381348,37.0,23.0,17.0,-0.330129,0.661644,0.673232
-0.0234375,0.0208282,-0.380371,32.0,23.0,18.0,-0.331622,0.662311,0.671842
-0.0215759,0.0207672,-0.379395,25.0,18.0,12.0,-0.332203,0.663472,0.670407
-0.0197144,0.0207214,-0.378418,21.0,13.0,10.0,-0.342266,0.669696,0.659061
-0.017868,0.0206604,-0.377441,19.0,11.0,8.0,-0.320519,0.69135,0.647536
-0.016037,0.0205994,-0.376465,16.0,8.0,5.0,-0.354907,0.675119,0.646727
-0.0142059,0.0205536,-0.375244,18.0,10.0,7.0,-0.354683,0.676818,0.645072
-0.0123901,0.0204926,-0.374268,18.0,10.0,7.0,-0.103995,0.776307,0.621717
-0.0106049,0.0204926,-0.374268,23.0,15.0,12.0,-0.216117,0.741062,0.635705
-0.00880432,0.0204468,-0.373291,27.0,17.0,15.0,-0.21569,0.742486,0.634186
-0.0070076,0.0203857,-0.372314,25.0,15.0,13.0,-0.148856,0.791092,0.593309
-0.00523758,0.0203857,-0.372314,26.0,17.0,12.0,-0.0921632,0.827039,0.554537
-0.00345612,0.0203247,-0.371338,26.0,17.0,10.0,-0.309323,0.663058,0.681669
-0.00168991,0.0203247,-0.371338,19.0,10.0,3.0,0.0,0.620125,0.784503
7.70092e-05,0.0203247,-0.371338,26.0,18.0,15.0,0.0,0.620116,0.78451
0.00184345,0.0203247,-0.371338,13.0,8.0,4.0,0.147798,0.521412,0.840408
0.00362015,0.0203857,-0.372314,22.0,13.0,8.0,0.448098,0.513261,0.731964
0.00540543,0.0204468,-0.373291,19.0,10.0,5.0,0.52955,0.594153,0.605441
0.00722122,0.0205536,-0.375244,23.0,16.0,10.0,0.529635,0.645173,0.550671
0.00905609,0.0206604,-0.377441,24.0,16.0,13.0,0.434261,0.679769,0.591043
0.0108795,0.0207214,-0.378418,25.0,18.0,12.0,0.334949,0.669188,0.663322
0.0127106,0.0207672,-0.379395,29.0,20.0,15.0,0.374879,0.562318,0.737065
0.0145569,0.0208282,-0.380371,33.0,24.0,19.0,0.379683,0.303362,0.873964
0.0164032,0.020874,-0.381348,43.0,32.0,27.0,-0.541751,-0.155254,0.826076
-0.0290222,0.0191193,-0.382324,50.0,36.0,30.0,-0.550874,0.369482,0.748345
-0.0271301,0.0190582,-0.381348,50.0,34.0,27.0,-0.509575,0.509575,0.693301
-0.0251923,0.0189667,-0.379395,34.0,23.0,16.0,-0.484065,0.484065,0.728946
-0.0233154,0.0189209,-0.378418,45.0,38.0,32.0,-0.372698,0.560364,0.739654
-0.0177765,0.0187683,-0.375244,30.0,25.0,23.0,-0.316691,0.662442,0.67888
-0.0159454,0.0187073,-0.374268,38.0,32.0,34.0,-0.364633,0.598092,0.713673
-0.0105515,0.0186157,-0.372314,27.0,23.0,24.0,-0.202168,0.606214,0.769177
-0.00875092,0.0185699,-0.371338,41.0,32.0,27.0,-0.203338,0.606092,0.768964
-0.00698853,0.0185699,-0.371338,37.0,33.0,36.0,-0.287104,0.505241,0.81382
7.67708e-05,0.0185089,-0.370361,19.0,7.0,5.0,0.0817223,0.41051,0.908187
0.00720215,0.0187073,-0.374268,17.0,5.0,3.0,0.580438,0.463952,0.669208
0.0163574,0.0190125,-0.380371,39.0,29.0,27.0,0.0,0.25666,0.966502
-0.0269928,0.0171661,-0.379395,45.0,31.0,25.0,-0.579543,0.4073,0.705859
-0.025116,0.0171204,-0.378418,35.0,21.0,15.0,-0.452953,0.452953,0.767897
-0.0232544,0.0170746,-0.377441,41.0,32.0,25.0,-0.464204,0.463048,0.75505
-0.0176849,0.0168915,-0.373291,49.0,44.0,40.0,-0.264753,0.639198,0.722033
-0.0105209,0.0167999,-0.371338,26.0,22.0,27.0,-0.229471,0.459272,0.858145
-0.00872803,0.0167542,-0.370361,41.0,32.0,27.0,-0.230136,0.45994,0.857608
-0.00696945,0.0167542,-0.370361,33.0,33.0,37.0,-0.162538,0.405288,0.899624
-0.00519562,0.0167084,-0.369385,45.0,36.0,27.0,-0.254071,0.254992,0.932967
7.6592e-05,0.0167084,-0.369385,27.0,12.0,11.0,0.168395,0.337705,0.926066
0.007164,0.0168457,-0.372314,42.0,27.0,26.0,0.524571,0.52545,0.669871
0.0126114,0.0170288,-0.376465,35.0,24.0,19.0,0.451367,0.45258,0.769051
0.0163116,0.0171661,-0.379395,39.0,29.0,27.0,0.517022,0.517022,0.682185
0.0181732,0.0172119,-0.380371,47.0,39.0,38.0,0.961879,-0.0208654,0.272679
-0.021286,0.015152,-0.374268,40.0,31.0,36.0,-0.551067,0.355925,0.754747
-0.019455,0.0151138,-0.373291,44.0,43.0,45.0,-0.511385,0.297313,0.806282
-0.0122528,0.0149918,-0.370361,32.0,32.0,34.0,-0.230368,0.45941,0.85783
-0.0104904,0.0149918,-0.370361,14.0,13.0,17.0,-0.162431,0.4052,0.899683
-0.00870514,0.0149536,-0.369385,27.0,21.0,25.0,-0.322103,0.321406,0.890476
-0.00519562,0.0149536,-0.369385,22.0,17.0,15.0,-0.0853219,0.34138,0.936045
-0.0231323,0.0134125,-0.375244,22.0,10.0,8.0,-0.439302,0.440239,0.783073
-0.021286,0.0133743,-0.374268,23.0,18.0,16.0,-0.508086,0.30037,0.807234
-0.019455,0.0133362,-0.373291,23.0,17.0,19.0,-0.455993,0.227833,0.860327
-0.0176392,0.0133057,-0.372314,21.0,13.0,12.0,-0.458584,0.226989,0.859172
-0.0158234,0.0132675,-0.371338,24.0,16.0,13.0,-0.403417,0.161576,0.900638
-0.0140152,0.0132294,-0.370361,22.0,14.0,11.0,-0.405169,0.162208,0.899737
-0.0122223,0.0131912,-0.369385,21.0,16.0,14.0,-0.254142,0.254142,0.933179
-0.0104675,0.0131912,-0.369385,19.0,14.0,12.0,-0.0850368,0.341257,0.936116
-0.00870514,0.0131912,-0.369385,17.0,12.0,10.0,-0.255337,0.255153,0.932577
-0.0069313,0.0131607,-0.368408,18.0,10.0,7.0,-0.178068,0.177488,0.967879
-0.00518036,0.0131607,-0.368408,21.0,13.0,10.0,0.0,0.265442,0.964127
-0.00342751,0.0131607,-0.368408,22.0,14.0,11.0,0.0,0.265552,0.964096
-0.00167561,0.0131607,-0.368408,17.0,12.0,10.0,0.169881,0.338951,0.925339
7.6592e-05,0.0131912,-0.369385,19.0,16.0,13.0,0.256752,0.256477,0.931825
0.00359154,0.0131912,-0.369385,24.0,19.0,15.0,0.338799,0.169354,0.925492
0.00536346,0.0132294,-0.370361,18.0,10.0,7.0,0.414138,0.082756,0.906444
0.00714493,0.0132675,-0.371338,29.0,17.0,15.0,0.412729,0.0825814,0.907103
0.00893402,0.0133057,-0.372314,26.0,16.0,14.0,0.462016,0.230677,0.856346
0.0107346,0.0133362,-0.373291,26.0,16.0,16.0,0.493086,0.351815,0.795671
0.0125427,0.0133743,-0.374268,33.0,22.0,17.0,0.422551,0.422853,0.801652
0.0143661,0.0134125,-0.375244,29.0,21.0,18.0,0.453875,0.452872,0.767401
-0.0287933,0.0117493,-0.379395,50.0,34.0,27.0,-0.876265,-0.0486269,0.47937
-0.0230713,0.0115891,-0.374268,37.0,27.0,27.0,-0.598921,0.136378,0.78911
-0.0175781,0.0114975,-0.371338,34.0,29.0,25.0,-0.458701,0.228032,0.858833
-0.0157776,0.011467,-0.370361,19.0,16.0,11.0,-0.320652,0.319266,0.891769
-0.0140152,0.011467,-0.370361,15.0,12.0,7.0,-0.253985,0.253985,0.933265
-0.0122223,0.0114365,-0.369385,19.0,19.0,19.0,-0.341676,0.0853262,0.935936
-0.0104675,0.0114365,-0.369385,18.0,15.0,12.0,-0.177509,0.177509,0.967978
-0.00868225,0.0114059,-0.368408,15.0,10.0,8.0,-0.177561,0.177754,0.967923
-0.0069313,0.0114059,-0.368408,22.0,17.0,13.0,-0.0917067,0.0915074,0.991573
7.63535e-05,0.0114059,-0.368408,21.0,16.0,14.0,0.341008,0.170492,0.924471
0.00183392,0.0114365,-0.369385,44.0,44.0,38.0,0.18086,0.0905622,0.97933
0.00359154,0.0114365,-0.369385,22.0,14.0,11.0,0.266842,0.0,0.96374
0.00714493,0.0114975,-0.371338,44.0,36.0,33.0,0.337181,0.168408,0.926255
0.010704,0.011528,-0.372314,37.0,31.0,33.0,0.460711,0.230025,0.857225
0.014328,0.0115891,-0.374268,37.0,27.0,27.0,0.457628,0.228651,0.859241
-0.0230713,0.0098114,-0.374268,30.0,22.0,19.0,-0.645954,0.0,0.763376
-0.0212402,0.00978088,-0.373291,26.0,22.0,15.0,-0.470588,0.0,0.882353
-0.0175781,0.00973511,-0.371338,35.0,27.0,24.0,-0.473656,0.0,0.88071
-0.0139771,0.0096817,-0.369385,18.0,18.0,14.0,-0.177166,0.176782,0.968174
-0.010437,0.00965118,-0.368408,14.0,11.0,6.0,-0.177495,0.177881,0.967912
7.63535e-05,0.00965118,-0.368408,20.0,15.0,13.0,0.268256,0.0,0.963348
0.00359154,0.0096817,-0.369385,33.0,22.0,17.0,0.18053,0.0901673,0.979428
0.00536346,0.00970459,-0.370361,50.0,38.0,36.0,0.339203,0.169326,0.925349
0.00712204,0.00970459,-0.370361,26.0,17.0,12.0,0.337386,0.168511,0.926161
0.010704,0.009758,-0.372314,25.0,16.0,7.0,0.476762,0.0,0.879032
0.014328,0.0098114,-0.374268,50.0,34.0,31.0,0.459113,0.228736,0.858426
-0.0230713,0.00802612,-0.374268,36.0,31.0,27.0,-0.645857,0.0,0.763458
-0.0212402,0.00801086,-0.373291,22.0,19.0,14.0,-0.470588,0.0,0.882353
-0.0194092,0.00798798,-0.372314,18.0,15.0,10.0,-0.470588,0.0,0.882353
-0.0175781,0.00796509,-0.371338,15.0,12.0,7.0,-0.473655,0.0,0.88071
-0.0157776,0.0079422,-0.370361,18.0,15.0,10.0,-0.476763,0.0,0.879032
-0.0139771,0.00791931,-0.369385,19.0,16.0,11.0,-0.265044,0.0,0.964236
-0.0122223,0.00791931,-0.369385,18.0,18.0,14.0,-0.265752,0.0,0.964041
-0.010437,0.00790405,-0.368408,19.0,16.0,13.0,-0.266107,0.0,0.963944
7.63535e-05,0.00790405,-0.368408,18.0,15.0,12.0,0.181483,0.0907879,0.979194
0.00183392,0.00791931,-0.369385,19.0,8.0,3.0,0.341018,0.170506,0.924464
0.00534821,0.00791931,-0.369385,22.0,12.0,10.0,0.339353,0.169493,0.925263
0.00712204,0.0079422,-0.370361,25.0,15.0,13.0,0.413825,0.0826217,0.906599
0.00891113,0.00796509,-0.371338,24.0,13.0,6.0,0.478721,0.0,0.877967
0.010704,0.00798798,-0.372314,28.0,14.0,8.0,0.410951,0.0821902,0.907945
0.0125122,0.00801086,-0.373291,41.0,27.0,21.0,0.3343,0.16733,0.927493
-0.0230713,0.00624847,-0.374268,30.0,22.0,19.0,-0.675596,-0.125442,0.726523
-0.0212402,0.00623322,-0.373291,22.0,14.0,11.0,-0.470588,0.0,0.882353
-0.0194092,0.00621796,-0.372314,19.0,14.0,10.0,-0.470588,0.0,0.882353
-0.0175781,0.00619888,-0.371338,16.0,11.0,7.0,-0.473656,0.0,0.88071
-0.0157776,0.00618362,-0.370361,19.0,14.0,10.0,-0.476763,0.0,0.879032
-0.0139771,0.00616455,-0.369385,20.0,15.0,11.0,-0.264956,0.0,0.96426
-0.0122223,0.00616455,-0.369385,20.0,15.0,11.0,-0.26584,0.0,0.964017
-0.010437,0.00614929,-0.368408,17.0,12.0,10.0,-0.266018,0.0,0.963968
0.00182819,0.00614929,-0.368408,28.0,12.0,7.0,0.341275,0.170728,0.924329
0.00359154,0.00616455,-0.369385,25.0,9.0,4.0,0.180963,0.090629,0.979305
0.00534821,0.00616455,-0.369385,20.0,6.0,0.0,0.266775,0.0,0.963759
-0.0231323,0.00269508,-0.375244,48.0,26.0,18.0,-0.645552,0.0,0.763716
-0.0212402,0.00268173,-0.373291,42.0,13.0,3.0,-0.618569,0.0,0.78573
-0.0194092,0.0026741,-0.372314,43.0,17.0,6.0,-0.470588,0.0,0.882353
-0.0175781,0.00266647,-0.371338,41.0,17.0,5.0,-0.473656,0.0,0.88071
-0.0157776,0.00265884,-0.370361,41.0,16.0,7.0,-0.411903,-0.0823716,0.907497
-0.0139771,0.00265312,-0.369385,43.0,18.0,9.0,-0.338237,-0.169038,0.925755
-0.0122223,0.00265312,-0.369385,50.0,18.0,12.0,-0.265829,0.0,0.96402
-0.010437,0.00264549,-0.368408,50.0,18.0,12.0,-0.266029,0.0,0.963965
-0.0231323,0.000910282,-0.375244,47.0,24.0,19.0,-0.645552,0.0,0.763716
-0.0212402,0.000905037,-0.373291,37.0,14.0,11.0,-0.618547,0.0,0.785747
-0.0194092,0.000902653,-0.372314,41.0,15.0,13.0,-0.470588,0.0,0.882353
-0.0175781,0.000900269,-0.371338,36.0,13.0,10.0,-0.473656,0.0,0.88071
-0.0157776,0.000897884,-0.370361,37.0,14.0,11.0,-0.341067,0.0852495,0.936165
-0.0140152,0.000897884,-0.370361,39.0,16.0,13.0,-0.264956,0.0,0.964261
-0.0122223,0.0008955,-0.369385,44.0,16.0,15.0,-0.413883,-0.0827002,0.906566
-0.010437,0.000893116,-0.368408,46.0,18.0,17.0,-0.266051,0.0,0.963959
-0.0069313,0.000893116,-0.368408,46.0,18.0,17.0,-0.0920525,0.0919773,0.991497
-0.00518036,0.000893116,-0.368408,49.0,18.0,18.0,-0.179423,0.179325,0.96729
-0.0231323,-0.000875473,-0.375244,44.0,23.0,20.0,-0.601025,0.136949,0.78741
-0.0212402,-0.000870705,-0.373291,37.0,16.0,15.0,-0.618553,0.0,0.785743
-0.0194092,-0.00086832,-0.372314,37.0,16.0,13.0,-0.470588,0.0,0.882353
-0.0175781,-0.000866413,-0.371338,34.0,13.0,10.0,-0.473655,0.0,0.88071
-0.0157776,-0.000864029,-0.370361,38.0,17.0,14.0,-0.476763,0.0,0.879032
-0.0139771,-0.000861645,-0.369385,42.0,16.0,14.0,-0.177945,0.177848,0.967836
-0.0122223,-0.000861645,-0.369385,45.0,17.0,16.0,-0.342711,0.0856253,0.935531
-0.010437,-0.000859261,-0.368408,46.0,18.0,17.0,-0.266051,0.0,0.963959
-0.00868225,-0.000859261,-0.368408,48.0,17.0,17.0,-0.0919539,0.0919038,0.991513
-0.00341797,-0.000856876,-0.367432,49.0,16.0,15.0,-0.0922329,0.0922078,0.991459
-0.0230713,-0.00265312,-0.374268,50.0,24.0,22.0,-0.601315,0.137096,0.787162
-0.0212402,-0.0026474,-0.373291,39.0,13.0,13.0,-0.524945,0.0747447,0.847848
-0.0194092,-0.00263977,-0.372314,41.0,15.0,13.0,-0.470588,0.0,0.882353
-0.0175781,-0.00263214,-0.371338,36.0,10.0,8.0,-0.473656,0.0,0.88071
-0.0157776,-0.00262451,-0.370361,38.0,12.0,10.0,-0.476763,0.0,0.879032
-0.0139771,-0.00261879,-0.369385,42.0,16.0,12.0,-0.264956,0.0,0.964261
-0.036377,-0.0431519,-0.403564,42.0,14.0,0.0,-0.403483,0.493491,0.770498
-0.0383911,-0.0451965,-0.404541,50.0,24.0,9.0,-0.717958,0.210246,0.663575
-0.0362854,-0.0449829,-0.402344,38.0,12.0,0.0,-0.716316,0.264207,0.645822
-0.0382996,-0.0469971,-0.403564,45.0,21.0,5.0,-0.720081,0.208664,0.661773
-0.0361938,-0.0467834,-0.401367,44.0,20.0,6.0,-0.751608,0.286464,0.594158
-0.0361023,-0.0485535,-0.400391,40.0,21.0,6.0,-0.801811,0.0899143,0.590775
-0.0382996,-0.0508423,-0.403564,49.0,28.0,11.0,-0.830154,-0.0401404,0.556088
-0.0361023,-0.0504761,-0.400391,38.0,19.0,4.0,-0.801699,0.25686,0.539724
-0.0383911,-0.052887,-0.404541,50.0,24.0,9.0,-0.886773,-0.000889314,0.462205
-0.0359192,-0.0520935,-0.398438,41.0,22.0,9.0,-0.83708,0.469702,0.280493
-0.033783,-0.0517273,-0.395508,45.0,21.0,7.0,-0.352974,0.924714,0.142526
-0.0383911,-0.0548096,-0.404541,43.0,19.0,5.0,-0.930224,0.0546183,0.362905
-0.0357361,-0.0537415,-0.396484,43.0,25.0,14.0,-0.951664,0.169497,0.256137
-0.0329285,-0.0559082,-0.385498,47.0,40.0,34.0,-0.868544,0.23133,0.438312
-0.0308533,-0.0554504,-0.382324,49.0,38.0,29.0,-0.861328,0.118362,0.494069
-0.0156403,-0.0532837,-0.367432,45.0,19.0,6.0,-0.183668,0.182869,0.965829
-0.0139008,-0.0532837,-0.367432,44.0,20.0,6.0,-0.403439,0.0849346,0.911056
-0.0121231,-0.0531311,-0.366211,43.0,19.0,3.0,-0.327251,0.0,0.944937
-0.010376,-0.0531311,-0.366211,41.0,17.0,1.0,-0.268076,0.0,0.963398
-0.00861359,-0.0529785,-0.365234,40.0,14.0,1.0,-0.268618,0.0,0.963247
0.00355148,-0.0529785,-0.365234,46.0,14.0,10.0,0.269571,0.0,0.96298
0.00530243,-0.0531311,-0.366211,49.0,14.0,11.0,0.530247,0.0,0.847843
-0.0307617,-0.0571289,-0.381348,48.0,37.0,30.0,-0.801584,0.241714,0.546843
-0.0229492,-0.0557861,-0.372314,35.0,12.0,7.0,-0.658505,0.0656242,0.74971
-0.0211182,-0.0556335,-0.371338,32.0,9.0,4.0,-0.581393,0.144722,0.800649
-0.0192413,-0.0553284,-0.369385,32.0,9.0,6.0,-0.623111,0.0,0.782134
-0.0174408,-0.0551758,-0.368408,30.0,9.0,6.0,-0.476763,0.0,0.879032
-0.0156403,-0.0550232,-0.367432,33.0,12.0,9.0,-0.265929,0.0,0.963993
-0.0139008,-0.0550232,-0.367432,36.0,13.0,10.0,-0.327885,0.0,0.944718
-0.0121231,-0.0548706,-0.366211,34.0,11.0,8.0,-0.404425,0.0855156,0.910564
-0.010376,-0.0548706,-0.366211,35.0,12.0,9.0,-0.184815,0.18522,0.965162
-0.00861359,-0.054718,-0.365234,35.0,12.0,9.0,-0.268618,0.0,0.963247
-0.0051384,-0.054718,-0.365234,38.0,12.0,10.0,-0.0941788,0.0940755,0.9911
-0.0034008,-0.054718,-0.365234,39.0,13.0,11.0,0.0943839,0.188612,0.977506
0.00355148,-0.054718,-0.365234,45.0,14.0,12.0,0.269571,0.0,0.96298
0.00530243,-0.0548706,-0.366211,49.0,13.0,13.0,0.530247,0.0,0.847843
-0.0327454,-0.0592651,-0.383301,49.0,45.0,36.0,-0.824925,0.317188,0.467857
-0.0306854,-0.0588074,-0.380371,47.0,40.0,32.0,-0.758533,0.302651,0.577088
-0.0229492,-0.0575562,-0.372314,30.0,11.0,9.0,-0.620438,0.206614,0.75655
-0.0210571,-0.057251,-0.370361,27.0,8.0,6.0,-0.581373,0.145975,0.800435
-0.0192413,-0.0570984,-0.369385,16.0,8.0,5.0,-0.535216,0.0763646,0.841256
-0.0174408,-0.0569458,-0.368408,16.0,8.0,5.0,-0.476763,0.0,0.879032
-0.0156403,-0.0567627,-0.367432,16.0,8.0,5.0,-0.265929,0.0,0.963993
-0.0139008,-0.0567627,-0.367432,17.0,7.0,5.0,-0.327885,0.0,0.944718
-0.0121231,-0.0566101,-0.366211,19.0,9.0,7.0,-0.526543,0.0,0.850148
-0.0103531,-0.0564575,-0.365234,21.0,9.0,7.0,-0.184815,0.18522,0.965162
-0.00861359,-0.0564575,-0.365234,22.0,10.0,8.0,-0.0939054,0.0939054,0.991143
-0.00687408,-0.0564575,-0.365234,27.0,12.0,11.0,-0.0940753,0.093869,0.99113
-0.0051384,-0.0564575,-0.365234,27.0,13.0,9.0,-0.186053,0.185441,0.964881
-0.00339127,-0.0563049,-0.364258,27.0,13.0,9.0,0.0,0.28159,0.959535
-0.00166225,-0.0564575,-0.365234,28.0,12.0,9.0,0.271877,0.271451,0.923254
0.00355148,-0.0564575,-0.365234,30.0,11.0,9.0,0.269571,0.0,0.96298
0.00530243,-0.0566101,-0.366211,30.0,11.0,9.0,0.457482,0.104201,0.883093
0.00706482,-0.0567627,-0.367432,31.0,12.0,10.0,0.421194,0.210367,0.882237
0.00881195,-0.0567627,-0.367432,29.0,10.0,8.0,0.266998,0.0,0.963697
0.0105896,-0.0569458,-0.368408,26.0,11.0,10.0,0.480693,0.0,0.876889
0.0123749,-0.0570984,-0.369385,26.0,11.0,10.0,0.266639,0.0,0.963797
0.0141296,-0.0570984,-0.369385,49.0,16.0,19.0,0.264163,0.0,0.964478
-0.0326538,-0.0609131,-0.382324,47.0,45.0,37.0,-0.809101,0.226626,0.542214
-0.0306091,-0.0604553,-0.379395,45.0,38.0,30.0,-0.789562,0.197808,0.580917
-0.0228882,-0.0591736,-0.371338,30.0,10.0,11.0,-0.580595,0.144837,0.801206
-0.0210571,-0.0589905,-0.370361,19.0,8.0,3.0,-0.531874,0.0763581,0.843374
-0.0192413,-0.0588379,-0.369385,11.0,8.0,3.0,-0.475206,0.0,0.879874
-0.0174408,-0.0586853,-0.368408,9.0,9.0,5.0,-0.476763,0.0,0.879032
-0.0156403,-0.0585327,-0.367432,9.0,9.0,5.0,-0.364764,0.106843,0.92495
-0.0139008,-0.0585327,-0.367432,10.0,10.0,6.0,-0.227852,0.223923,0.947598
-0.0121231,-0.0583496,-0.366211,9.0,9.0,3.0,-0.526664,0.0,0.850074
-0.0103531,-0.058197,-0.365234,11.0,11.0,7.0,-0.268076,0.0,0.963398
-0.00687408,-0.058197,-0.365234,11.0,11.0,7.0,-0.269435,0.0,0.963019
-0.00512314,-0.0580444,-0.364258,13.0,13.0,7.0,-0.186053,0.185441,0.964881
-0.00339127,-0.0580444,-0.364258,7.0,7.0,1.0,-0.0943318,0.093918,0.991101
-0.00165749,-0.0580444,-0.364258,14.0,11.0,6.0,0.355259,0.177261,0.917807
7.57575e-05,-0.058197,-0.365234,14.0,9.0,5.0,0.186082,0.0929615,0.978127
0.00355148,-0.058197,-0.365234,12.0,7.0,3.0,0.270297,0.0,0.962777
0.00530243,-0.0583496,-0.366211,15.0,12.0,7.0,0.26844,0.0,0.963297
0.00704575,-0.0583496,-0.366211,15.0,12.0,7.0,0.421718,0.209713,0.882142
0.00881195,-0.0585327,-0.367432,14.0,11.0,6.0,0.454821,0.103082,0.884597
0.0105896,-0.0586853,-0.368408,13.0,10.0,7.0,0.480693,0.0,0.876889
0.0123749,-0.0588379,-0.369385,14.0,11.0,8.0,0.265219,0.0,0.964188
0.0141296,-0.0588379,-0.369385,42.0,21.0,20.0,0.265572,0.0,0.964091
-0.0325623,-0.062561,-0.381348,49.0,46.0,41.0,-0.788074,0.233165,0.569713
-0.0306091,-0.0622559,-0.379395,49.0,42.0,36.0,-0.794129,0.208805,0.570754
-0.0266418,-0.0614319,-0.374268,46.0,30.0,25.0,-0.698281,0.29682,0.651384
-0.0228882,-0.0609436,-0.371338,32.0,11.0,10.0,-0.581111,0.146853,0.800465
-0.0210571,-0.0607605,-0.370361,17.0,8.0,3.0,-0.474902,0.23951,0.84682
-0.0192413,-0.0606079,-0.369385,9.0,9.0,3.0,-0.416631,0.166508,0.893697
-0.0174408,-0.0604248,-0.368408,10.0,10.0,6.0,-0.476763,0.0,0.879032
-0.0156403,-0.0602722,-0.367432,10.0,10.0,6.0,-0.523286,0.0,0.852157
-0.0138626,-0.0601196,-0.366211,10.0,10.0,6.0,-0.226555,0.226555,0.947283
-0.0121231,-0.0601196,-0.366211,9.0,9.0,5.0,-0.369114,0.107564,0.923139
-0.0103531,-0.0599365,-0.365234,32.0,33.0,29.0,-0.268795,0.0,0.963197
-0.00861359,-0.0599365,-0.365234,25.0,26.0,22.0,-0.0939738,0.0939738,0.99113
-0.00687408,-0.0599365,-0.365234,20.0,21.0,17.0,-0.18566,0.185456,0.964954
-0.00512314,-0.0597839,-0.364258,33.0,34.0,28.0,-0.269982,0.0,0.962865
-0.00165749,-0.0597839,-0.364258,34.0,35.0,29.0,0.186393,0.0928485,0.978078
7.57575e-05,-0.0599365,-0.365234,40.0,41.0,35.0,0.354724,0.176961,0.918072
0.00355148,-0.0599365,-0.365234,49.0,49.0,43.0,0.269571,0.0,0.96298
0.00530243,-0.0601196,-0.366211,26.0,26.0,22.0,0.269162,0.0,0.963095
0.00704575,-0.0601196,-0.366211,13.0,13.0,9.0,0.327676,0.0,0.94479
0.00881195,-0.0602722,-0.367432,16.0,16.0,12.0,0.526953,0.0,0.849895
0.0105896,-0.0604248,-0.368408,9.0,9.0,5.0,0.480693,0.0,0.876889
0.0123749,-0.0606079,-0.369385,16.0,13.0,10.0,0.265929,0.0,0.963993
-0.0305176,-0.0638428,-0.378418,44.0,40.0,31.0,-0.755399,0.358904,0.548233
-0.0210114,-0.0623474,-0.369385,23.0,10.0,0.0,-0.583481,0.149069,0.798328
-0.0191956,-0.0621948,-0.368408,30.0,31.0,27.0,-0.265417,0.270881,0.925299
-0.0174408,-0.0621948,-0.368408,20.0,21.0,17.0,-0.347416,0.086854,0.93368
-0.0156403,-0.0620117,-0.367432,21.0,21.0,17.0,-0.523157,0.0,0.852236
-0.0138626,-0.0618591,-0.366211,24.0,25.0,21.0,-0.327885,0.0,0.944718
-0.0121231,-0.0618591,-0.366211,23.0,27.0,22.0,-0.268076,0.0,0.963398
-0.0103531,-0.061676,-0.365234,10.0,14.0,9.0,-0.268076,0.0,0.963398
-0.00861359,-0.061676,-0.365234,34.0,37.0,36.0,-0.268433,0.0,0.963298
-0.00685883,-0.0615234,-0.364258,13.0,14.0,10.0,-0.185648,0.187086,0.964642
-0.00512314,-0.0615234,-0.364258,38.0,39.0,35.0,-0.0951114,0.0949028,0.990932
0.00181389,-0.061676,-0.365234,23.0,20.0,17.0,0.185931,0.0928921,0.978162
0.00530243,-0.0618591,-0.366211,49.0,47.0,39.0,0.269162,0.0,0.963095
0.00704575,-0.0618591,-0.366211,42.0,43.0,34.0,0.329369,0.0,0.944201
0.00881195,-0.0620117,-0.367432,37.0,37.0,31.0,0.52708,0.0,0.849816
0.0105896,-0.0621948,-0.368408,28.0,28.0,22.0,0.480693,0.0,0.876889
0.0123749,-0.0623474,-0.369385,37.0,34.0,29.0,0.266643,0.0,0.963795
0.0141296,-0.0623474,-0.369385,48.0,34.0,19.0,0.265576,0.0,0.96409
-0.030365,-0.0653076,-0.376465,44.0,40.0,33.0,-0.688841,0.452849,0.566061
-0.0228271,-0.06427,-0.370361,19.0,8.0,1.0,-0.477024,0.237827,0.846101
-0.0210114,-0.0640869,-0.369385,13.0,9.0,2.0,-0.533613,0.0761359,0.842295
-0.0191956,-0.0639038,-0.368408,9.0,10.0,6.0,-0.345682,0.086798,0.934328
-0.0174408,-0.0639038,-0.368408,9.0,9.0,3.0,-0.181844,0.186715,0.965438
-0.0156403,-0.0637817,-0.367432,10.0,10.0,4.0,-0.523286,0.0,0.852157
-0.0138626,-0.0635986,-0.366211,10.0,10.0,4.0,-0.406633,0.0859243,0.909542
-0.0121231,-0.0635986,-0.366211,10.0,10.0,4.0,-0.185982,0.187628,0.964472
-0.0103531,-0.0634155,-0.365234,8.0,12.0,5.0,-0.351217,0.0885813,0.932094
-0.00861359,-0.0634155,-0.365234,12.0,13.0,9.0,-0.186635,0.187874,0.964298
-0.00685883,-0.0632324,-0.364258,17.0,18.0,14.0,-0.270172,0.0,0.962812
7.55191e-05,-0.0632324,-0.364258,16.0,16.0,10.0,0.270807,0.0,0.962634
0.00181389,-0.0634155,-0.365234,40.0,40.0,34.0,0.270475,0.0,0.962727
0.00355148,-0.0634155,-0.365234,29.0,24.0,20.0,0.268837,0.0,0.963186
0.00530243,-0.0635986,-0.366211,18.0,15.0,10.0,0.269897,0.0,0.962889
0.00704575,-0.0635986,-0.366211,18.0,10.0,7.0,0.327661,0.0,0.944795
0.00881195,-0.0637817,-0.367432,20.0,15.0,11.0,0.526826,0.0,0.849973
0.0105896,-0.0639038,-0.368408,20.0,17.0,12.0,0.480693,0.0,0.876889
0.0123749,-0.0640869,-0.369385,20.0,17.0,12.0,0.264504,0.0,0.964385
0.0141296,-0.0640869,-0.369385,16.0,13.0,10.0,0.265572,0.0,0.964091
0.0159302,-0.06427,-0.370361,19.0,14.0,12.0,0.264167,0.0,0.964477
-0.0302734,-0.0669556,-0.375244,44.0,39.0,35.0,-0.715793,0.147947,0.68246
-0.0246582,-0.0662231,-0.371338,47.0,38.0,33.0,-0.527004,0.298549,0.795698
-0.0228271,-0.06604,-0.370361,12.0,9.0,4.0,-0.415372,0.165433,0.894482
-0.0210114,-0.0658569,-0.369385,10.0,10.0,4.0,-0.473658,0.0,0.880709
-0.0191956,-0.0656738,-0.368408,15.0,16.0,12.0,-0.475206,0.0,0.879874
-0.017395,-0.0654907,-0.367432,7.0,11.0,6.0,-0.183921,0.182335,0.965881
-0.0156403,-0.0654907,-0.367432,11.0,12.0,8.0,-0.402313,0.0853616,0.911514
-0.0138626,-0.0653076,-0.366211,6.0,7.0,3.0,-0.526301,0.0,0.850298
-0.0120926,-0.0651245,-0.365234,6.0,7.0,3.0,-0.185984,0.185984,0.96479
-0.0103531,-0.0651245,-0.365234,10.0,11.0,7.0,-0.351649,0.0879122,0.931995
-0.0085907,-0.0649414,-0.364258,9.0,10.0,6.0,-0.18664,0.186231,0.964616
-0.00685883,-0.0649414,-0.364258,10.0,10.0,10.0,-0.0928456,0.094089,0.991225
7.55191e-05,-0.0649414,-0.364258,12.0,12.0,6.0,0.272271,0.0,0.962221
0.00181389,-0.0651245,-0.365234,13.0,13.0,9.0,0.269009,0.0,0.963138
0.00355148,-0.0651245,-0.365234,31.0,30.0,32.0,0.271027,0.0,0.962572
0.0141296,-0.0658569,-0.369385,18.0,15.0,12.0,0.172368,-0.171253,0.970032
0.0159302,-0.06604,-0.370361,18.0,15.0,12.0,0.264868,0.0,0.964285
-0.0302734,-0.0687256,-0.375244,44.0,40.0,33.0,-0.709874,0.0,0.704328
-0.0283356,-0.0683594,-0.373291,48.0,39.0,32.0,-0.683359,0.0752742,0.726192
-0.0245819,-0.0678101,-0.370361,44.0,35.0,30.0,-0.476048,0.236656,0.846978
-0.0227661,-0.067627,-0.369385,12.0,9.0,4.0,-0.340646,0.337709,0.877447
-0.0210114,-0.067627,-0.369385,9.0,9.0,3.0,-0.267011,0.264709,0.926625
-0.0191956,-0.0674438,-0.368408,38.0,42.0,35.0,-0.475197,0.0,0.879879
-0.017395,-0.0672607,-0.367432,27.0,28.0,24.0,-0.36475,0.108332,0.924782
-0.0156403,-0.0672607,-0.367432,24.0,24.0,20.0,-0.226676,0.228167,0.946867
-0.0138626,-0.0670776,-0.366211,47.0,44.0,39.0,-0.526786,0.0,0.849998
-0.0120926,-0.0668945,-0.365234,35.0,44.0,37.0,-0.269517,0.0,0.962996
-0.0103531,-0.0668945,-0.365234,16.0,23.0,17.0,-0.267169,0.0,0.96365
-0.0085907,-0.0667114,-0.364258,28.0,32.0,27.0,-0.270608,0.0,0.96269
7.55191e-05,-0.0667114,-0.364258,17.0,17.0,11.0,0.186775,0.0930709,0.977984
0.00181389,-0.0668945,-0.365234,20.0,20.0,16.0,0.35599,0.177596,0.917459
0.0141678,-0.0678101,-0.370361,21.0,16.0,12.0,0.172368,-0.171253,0.970032
0.0159302,-0.0678101,-0.370361,15.0,16.0,12.0,0.17203,-0.170918,0.970151
-0.0245819,-0.0695801,-0.370361,46.0,37.0,32.0,-0.415083,0.168355,0.894071
-0.0227661,-0.069397,-0.369385,12.0,9.0,4.0,-0.473658,0.0,0.880709
-0.0209503,-0.0692139,-0.368408,9.0,9.0,3.0,-0.265805,0.269714,0.925528
-0.0191956,-0.0692139,-0.368408,24.0,25.0,21.0,-0.270468,0.268137,0.924635
-0.017395,-0.0689697,-0.367432,17.0,18.0,12.0,-0.522477,0.0,0.852653
-0.0156097,-0.0687866,-0.366211,26.0,26.0,20.0,-0.226681,0.228172,0.946865
-0.0138626,-0.0687866,-0.366211,43.0,40.0,37.0,-0.368183,0.108876,0.923357
-0.0120926,-0.0686035,-0.365234,24.0,24.0,18.0,-0.350971,0.0877427,0.932266
-0.0103531,-0.0686035,-0.365234,11.0,12.0,6.0,-0.186378,0.18597,0.964717
-0.0085907,-0.0684204,-0.364258,11.0,12.0,8.0,-0.267714,0.0,0.963498
0.00180912,-0.0684204,-0.364258,13.0,10.0,7.0,0.355986,0.177593,0.917461
0.0141678,-0.0695801,-0.370361,22.0,17.0,13.0,0.264868,0.0,0.964285
0.0159302,-0.0695801,-0.370361,16.0,16.0,12.0,0.263291,0.0,0.964716
-0.0245209,-0.071106,-0.369385,15.0,6.0,1.0,-0.342541,0.341065,0.875409
-0.0227661,-0.071106,-0.369385,11.0,8.0,3.0,-0.265469,0.269373,0.925724
-0.0209503,-0.0709229,-0.368408,9.0,9.0,5.0,-0.475215,0.0,0.879869
-0.0191498,-0.0707397,-0.367432,11.0,12.0,8.0,-0.183919,0.185532,0.965273
-0.017395,-0.0707397,-0.367432,10.0,11.0,7.0,-0.404013,0.0850943,0.910787
-0.0156097,-0.0705566,-0.366211,13.0,14.0,8.0,-0.404497,0.0854519,0.910538
-0.0138626,-0.0705566,-0.366211,28.0,25.0,22.0,-0.185719,0.185719,0.964892
-0.0120926,-0.0703735,-0.365234,25.0,25.0,19.0,-0.483077,0.0,0.875578
-0.0103226,-0.0701904,-0.364258,24.0,25.0,21.0,-0.186374,0.185965,0.964719
-0.0085907,-0.0701904,-0.364258,31.0,34.0,33.0,-0.0961585,0.0940861,0.990909
-0.00685883,-0.0701904,-0.364258,36.0,37.0,33.0,-0.0929153,0.0943671,0.991192
-0.00512314,-0.0701904,-0.364258,23.0,24.0,18.0,0.0,0.283831,0.958874
-0.00339127,-0.0701904,-0.364258,43.0,44.0,38.0,0.0,0.284011,0.958821
-0.00165749,-0.0701904,-0.364258,38.0,38.0,34.0,0.0934864,0.189643,0.977392
0.00180912,-0.0701904,-0.364258,15.0,10.0,8.0,0.269012,0.0,0.963137
0.0141678,-0.0713501,-0.370361,20.0,15.0,11.0,0.33363,-0.0852528,0.938841
0.0159302,-0.0713501,-0.370361,18.0,18.0,14.0,0.171427,-0.171057,0.970233
-0.0245209,-0.072876,-0.369385,50.0,43.0,37.0,-0.346062,0.0857696,0.934283
-0.0227051,-0.0726929,-0.368408,9.0,9.0,5.0,-0.183412,0.181831,0.966073
-0.0209503,-0.0726929,-0.368408,9.0,9.0,5.0,-0.345224,0.086306,0.934544
-0.0191498,-0.0725098,-0.367432,37.0,38.0,32.0,-0.364306,0.1082,0.924972
-0.017395,-0.0725098,-0.367432,15.0,16.0,10.0,-0.229037,0.226075,0.946801
-0.0156097,-0.0722656,-0.366211,15.0,16.0,12.0,-0.524097,0.0,0.851658
-0.0138245,-0.0720825,-0.365234,21.0,25.0,20.0,-0.185728,0.185728,0.964889
-0.0120926,-0.0720825,-0.365234,19.0,20.0,14.0,-0.350531,0.0880204,0.932406
-0.0103226,-0.0718994,-0.364258,16.0,17.0,11.0,-0.268618,0.0,0.963247
-0.0085907,-0.0718994,-0.364258,25.0,26.0,20.0,-0.0946387,0.0959062,0.990881
-0.00685883,-0.0718994,-0.364258,36.0,37.0,33.0,-0.18716,0.189667,0.963845
-0.00510788,-0.0717163,-0.363281,39.0,40.0,36.0,-0.187392,0.189797,0.963775
-0.00338173,-0.0717163,-0.363281,36.0,36.0,36.0,0.0,0.289082,0.957304
-0.00165272,-0.0717163,-0.363281,25.0,22.0,19.0,0.274599,0.278286,0.920409
7.55191e-05,-0.0718994,-0.364258,37.0,37.0,33.0,0.187136,0.0948832,0.977741
0.00180912,-0.0718994,-0.364258,17.0,12.0,10.0,0.271954,0.0,0.96231
0.0141678,-0.0730591,-0.370361,21.0,16.0,12.0,0.476763,0.0,0.879032
0.015976,-0.0733032,-0.371338,17.0,17.0,13.0,0.169456,-0.172058,0.970402
-0.0245209,-0.074646,-0.369385,41.0,32.0,27.0,-0.262419,0.0,0.964954
-0.0227051,-0.0744629,-0.368408,16.0,11.0,7.0,-0.265225,0.0,0.964187
-0.0209503,-0.0744629,-0.368408,14.0,11.0,6.0,-0.264868,0.0,0.964285
-0.0191498,-0.0742188,-0.367432,16.0,17.0,11.0,-0.520865,0.0,0.853639
-0.0173492,-0.0740356,-0.366211,6.0,7.0,1.0,-0.226541,0.227535,0.947052
-0.0156097,-0.0740356,-0.366211,11.0,12.0,8.0,-0.368416,0.10736,0.923441
-0.0138245,-0.0738525,-0.365234,10.0,11.0,7.0,-0.268966,0.0,0.96315
-0.0120926,-0.0738525,-0.365234,13.0,13.0,9.0,-0.268618,0.0,0.963247
-0.0103226,-0.0736084,-0.364258,10.0,11.0,7.0,-0.268618,0.0,0.963247
-0.0085907,-0.0736084,-0.364258,14.0,14.0,10.0,-0.269982,0.0,0.962865
-0.00683975,-0.0734253,-0.363281,19.0,19.0,15.0,-0.18716,0.189667,0.963845
-0.00510788,-0.0734253,-0.363281,19.0,19.0,15.0,-0.094795,0.0960646,0.990851
-0.00165272,-0.0734253,-0.363281,23.0,23.0,19.0,0.273321,0.0,0.961923
7.55191e-05,-0.0736084,-0.364258,21.0,21.0,17.0,0.270024,0.0,0.962854
0.00180912,-0.0736084,-0.364258,12.0,7.0,5.0,0.270475,0.0,0.962727
0.0141678,-0.0748291,-0.370361,21.0,16.0,12.0,0.476763,0.0,0.879032
0.015976,-0.0750732,-0.371338,20.0,17.0,12.0,0.263291,0.0,0.964716
-0.0245209,-0.076416,-0.369385,27.0,13.0,9.0,-0.263815,0.0,0.964573
-0.0227051,-0.0761719,-0.368408,25.0,16.0,11.0,-0.263815,0.0,0.964573
-0.0209503,-0.0761719,-0.368408,19.0,10.0,5.0,-0.266289,0.0,0.963893
-0.0191498,-0.0759888,-0.367432,17.0,18.0,12.0,-0.520865,0.0,0.853639
-0.0173492,-0.0758057,-0.366211,17.0,18.0,14.0,-0.327663,0.0,0.944795
-0.0156097,-0.0758057,-0.366211,20.0,20.0,20.0,-0.266998,0.0,0.963697
-0.0138245,-0.0755615,-0.365234,13.0,13.0,13.0,-0.352707,0.0870266,0.931678
-0.0120926,-0.0755615,-0.365234,26.0,26.0,22.0,-0.186503,0.189001,0.964103
-0.0103226,-0.0753784,-0.364258,14.0,14.0,10.0,-0.268618,0.0,0.963247
-0.0085907,-0.0753784,-0.364258,12.0,13.0,7.0,-0.269982,0.0,0.962865
-0.00683975,-0.0751343,-0.363281,42.0,46.0,41.0,-0.269982,0.0,0.962865
-0.00165272,-0.0751343,-0.363281,39.0,40.0,36.0,0.188505,0.0936325,0.977598
7.55191e-05,-0.0753784,-0.364258,12.0,9.0,4.0,0.359221,0.178715,0.915981
0.00180912,-0.0753784,-0.364258,12.0,9.0,4.0,0.186617,0.0929505,0.978026
0.0141678,-0.0765991,-0.370361,12.0,4.0,1.0,0.419719,0.0835819,0.903798
0.015976,-0.0768433,-0.371338,20.0,17.0,12.0,0.349379,0.174313,0.920625
-0.0245209,-0.078186,-0.369385,26.0,15.0,10.0,-0.263815,0.0,0.964573
-0.0227051,-0.0779419,-0.368408,26.0,17.0,12.0,-0.263815,0.0,0.964573
-0.0209503,-0.0779419,-0.368408,18.0,11.0,5.0,-0.263462,0.0,0.96467
-0.0191498,-0.0777588,-0.367432,32.0,39.0,33.0,-0.520865,0.0,0.853639
-0.0173492,-0.0775146,-0.366211,31.0,34.0,33.0,-0.325991,0.0,0.945373
-0.0156097,-0.0775146,-0.366211,44.0,48.0,43.0,-0.266998,0.0,0.963697
-0.0138245,-0.0773315,-0.365234,43.0,47.0,40.0,-0.481495,0.0,0.876449
-0.0120544,-0.0770874,-0.364258,10.0,10.0,10.0,-0.188585,0.18452,0.964566
-0.0103226,-0.0770874,-0.364258,33.0,34.0,28.0,-0.187827,0.187003,0.964236
-0.0085907,-0.0770874,-0.364258,20.0,21.0,15.0,-0.187227,0.189525,0.96386
-0.00683975,-0.0769043,-0.363281,13.0,14.0,10.0,-0.269982,0.0,0.962865
7.53403e-05,-0.0769043,-0.363281,42.0,42.0,36.0,0.359221,0.178715,0.915981
0.00180912,-0.0770874,-0.364258,9.0,8.0,8.0,0.186945,0.0931555,0.977944
0.0141678,-0.0783691,-0.370361,22.0,12.0,10.0,0.264868,0.0,0.964285
0.0159302,-0.0783691,-0.370361,38.0,29.0,20.0,0.34853,0.175401,0.920739
-0.0262756,-0.079895,-0.369385,47.0,28.0,24.0,-0.0878133,-0.174113,0.980803
-0.0227051,-0.0797119,-0.368408,28.0,24.0,17.0,-0.262419,0.0,0.964954
-0.0209503,-0.0797119,-0.368408,19.0,10.0,3.0,-0.264868,0.0,0.964285
-0.0191498,-0.0794678,-0.367432,13.0,14.0,8.0,-0.520618,0.0,0.85379
-0.0173492,-0.0792847,-0.366211,12.0,13.0,9.0,-0.402393,0.0854242,0.911473
-0.0156097,-0.0792847,-0.366211,21.0,21.0,15.0,-0.187527,0.184294,0.964816
-0.0138245,-0.0790405,-0.365234,22.0,19.0,14.0,-0.481476,0.0,0.876459
-0.0120544,-0.0788574,-0.364258,20.0,20.0,14.0,-0.268618,0.0,0.963247
-0.0103226,-0.0788574,-0.364258,23.0,24.0,18.0,-0.268254,0.0,0.963348
-0.00856781,-0.0786133,-0.363281,29.0,30.0,24.0,-0.189355,0.188316,0.963681
-0.00683975,-0.0786133,-0.363281,11.0,12.0,8.0,-0.0947063,0.0957633,0.990889
7.53403e-05,-0.0786133,-0.363281,40.0,40.0,34.0,0.271498,0.0,0.962439
0.00180912,-0.0788574,-0.364258,17.0,12.0,10.0,0.271152,0.0,0.962537
0.00354195,-0.0788574,-0.364258,29.0,19.0,19.0,0.270325,0.0,0.962769
0.00528717,-0.0790405,-0.365234,42.0,25.0,25.0,0.486902,0.0,0.873456
0.0141678,-0.0801392,-0.370361,20.0,10.0,8.0,0.263456,0.0,0.964672
0.0159302,-0.0801392,-0.370361,41.0,27.0,21.0,0.263291,0.0,0.964716
-0.0263519,-0.0819092,-0.370361,46.0,25.0,22.0,-0.0864292,-0.171368,0.981409
-0.0227051,-0.0814819,-0.368408,21.0,13.0,10.0,-0.265225,0.0,0.964187
-0.0209503,-0.0814819,-0.368408,20.0,9.0,2.0,-0.264868,0.0,0.964285
-0.0173492,-0.0809937,-0.366211,32.0,39.0,33.0,-0.522714,0.0,0.852508
-0.015564,-0.0808105,-0.365234,45.0,46.0,42.0,-0.18546,0.188772,0.96435
-0.0138245,-0.0808105,-0.365234,24.0,25.0,19.0,-0.352313,0.0880784,0.931728
-0.0120544,-0.0805664,-0.364258,33.0,34.0,28.0,-0.270076,0.0,0.962839
-0.0103226,-0.0805664,-0.364258,20.0,21.0,15.0,-0.271177,0.0,0.962529
-0.00856781,-0.0803223,-0.363281,30.0,31.0,27.0,-0.268528,0.0,0.963272
7.53403e-05,-0.0803223,-0.363281,9.0,6.0,3.0,0.271498,0.0,0.962439
0.00180912,-0.0805664,-0.364258,13.0,10.0,7.0,0.271152,0.0,0.962537
0.00354195,-0.0805664,-0.364258,21.0,18.0,13.0,0.270325,0.0,0.962769
0.00528717,-0.0808105,-0.365234,22.0,19.0,16.0,0.486886,0.0,0.873466
0.00704575,-0.0809937,-0.366211,26.0,21.0,19.0,0.529008,0.0,0.848617
0.00881195,-0.0812378,-0.367432,44.0,41.0,38.0,0.526953,0.0,0.849895
0.0141678,-0.0819092,-0.370361,19.0,14.0,10.0,0.351571,0.174649,0.919726
0.0159302,-0.0819092,-0.370361,23.0,15.0,14.0,0.263291,0.0,0.964716
0.017746,-0.0820923,-0.371338,38.0,28.0,28.0,0.263815,0.0,0.964573
-0.0263519,-0.0836792,-0.370361,42.0,21.0,20.0,-0.175348,-0.086918,0.980662
-0.0227051,-0.0831909,-0.368408,38.0,30.0,27.0,-0.324176,-0.162088,0.932007
-0.0209503,-0.0831909,-0.368408,31.0,20.0,13.0,-0.264868,0.0,0.964285
-0.0191498,-0.0830078,-0.367432,14.0,10.0,3.0,-0.520865,0.0,0.853639
-0.0173492,-0.0827637,-0.366211,12.0,12.0,6.0,-0.522477,0.0,0.852653
-0.015564,-0.0825195,-0.365234,15.0,12.0,7.0,-0.266998,0.0,0.963697
-0.0138245,-0.0825195,-0.365234,14.0,11.0,6.0,-0.269517,0.0,0.962996
-0.0120544,-0.0822754,-0.364258,10.0,10.0,4.0,-0.353438,0.0879721,0.931312
-0.0103226,-0.0822754,-0.364258,12.0,12.0,6.0,-0.187161,0.18925,0.963927
-0.00856781,-0.0820923,-0.363281,13.0,13.0,7.0,-0.269982,0.0,0.962865
7.53403e-05,-0.0820923,-0.363281,14.0,11.0,8.0,0.187288,0.0930279,0.97789
0.00180912,-0.0822754,-0.364258,13.0,10.0,7.0,0.358621,0.178377,0.916282
0.00354195,-0.0822754,-0.364258,21.0,21.0,17.0,0.271784,0.0,0.962358
0.00528717,-0.0825195,-0.365234,16.0,16.0,10.0,0.486894,0.0,0.873461
0.00704575,-0.0827637,-0.366211,24.0,24.0,18.0,0.529008,0.0,0.848617
0.00881195,-0.0830078,-0.367432,26.0,23.0,20.0,0.526953,0.0,0.849895
0.0105896,-0.0831909,-0.368408,22.0,14.0,11.0,0.480693,0.0,0.876889
0.0123749,-0.0834351,-0.369385,20.0,15.0,13.0,0.264512,0.0,0.964382
0.0141296,-0.0834351,-0.369385,20.0,17.0,14.0,0.351571,0.174649,0.919726
0.0159302,-0.0836792,-0.370361,26.0,23.0,20.0,0.417984,0.0832364,0.904633
-0.0227661,-0.0852051,-0.369385,22.0,12.0,12.0,-0.323591,-0.160401,0.932502
-0.0209503,-0.0849609,-0.368408,36.0,27.0,22.0,-0.403497,-0.0800037,0.911477
-0.0191498,-0.0847168,-0.367432,29.0,27.0,19.0,-0.520865,0.0,0.853639
-0.0173492,-0.0844727,-0.366211,28.0,26.0,18.0,-0.522477,0.0,0.852653
-0.015564,-0.0842896,-0.365234,38.0,39.0,30.0,-0.350329,0.0883572,0.93245
-0.0138245,-0.0842896,-0.365234,26.0,27.0,18.0,-0.188219,0.187806,0.964003
-0.0120544,-0.0840454,-0.364258,14.0,15.0,6.0,-0.483872,0.0,0.875139
-0.0102921,-0.0838013,-0.363281,12.0,12.0,6.0,-0.189284,0.188039,0.96375
-0.00856781,-0.0838013,-0.363281,13.0,13.0,7.0,-0.0948436,0.0956904,0.990882
-0.00683975,-0.0838013,-0.363281,14.0,14.0,8.0,-0.0953799,0.0966573,0.990737
-0.00510788,-0.0838013,-0.363281,11.0,11.0,7.0,0.0,0.293873,0.955845
-0.00338173,-0.0838013,-0.363281,12.0,12.0,8.0,0.0966383,0.19538,0.975955
0.0018034,-0.0838013,-0.363281,13.0,10.0,5.0,0.359559,0.180426,0.915513
0.0159302,-0.0854492,-0.370361,36.0,31.0,29.0,0.475206,0.0,0.879874
-0.0263519,-0.0871582,-0.370361,46.0,25.0,20.0,-0.436872,-0.218436,0.872599
-0.0209503,-0.086731,-0.368408,45.0,38.0,32.0,-0.496556,0.259088,0.828436
-0.0191498,-0.0864868,-0.367432,36.0,32.0,25.0,-0.456259,0.203255,0.866323
-0.0173492,-0.0862427,-0.366211,30.0,26.0,19.0,-0.522477,0.0,0.852653
-0.0137863,-0.0857544,-0.364258,49.0,49.0,43.0,-0.277114,0.274697,0.920733
-0.0102921,-0.0855103,-0.363281,42.0,39.0,34.0,-0.268261,0.0,0.963346
-0.00856781,-0.0855103,-0.363281,24.0,19.0,15.0,-0.0971491,0.094846,0.99074
-0.00683975,-0.0855103,-0.363281,35.0,32.0,27.0,-0.189894,0.188437,0.963552
-0.00509644,-0.0852661,-0.362305,22.0,19.0,14.0,-0.189965,0.188716,0.963483
-0.00337219,-0.0852661,-0.362305,21.0,18.0,13.0,0.28172,0.277983,0.918346
-0.00165272,-0.0855103,-0.363281,26.0,21.0,19.0,0.188853,0.093857,0.97751
0.00354195,-0.0857544,-0.364258,36.0,32.0,25.0,0.489021,0.0,0.872272
0.00881195,-0.0864868,-0.367432,36.0,21.0,22.0,0.527207,0.0,0.849737
0.0159302,-0.0871582,-0.370361,39.0,36.0,33.0,0.475206,0.0,0.879874
-0.0227051,-0.0884399,-0.368408,24.0,13.0,8.0,-0.588869,0.14786,0.794588
-0.0208893,-0.0881958,-0.367432,23.0,16.0,10.0,-0.526637,0.238621,0.815913
-0.0190887,-0.0880127,-0.366211,24.0,19.0,15.0,-0.377824,0.384571,0.842232
-0.0173492,-0.0880127,-0.366211,30.0,26.0,19.0,-0.294812,0.292836,0.909579
-0.015564,-0.0877686,-0.365234,28.0,24.0,17.0,-0.480688,0.0,0.876892
-0.0137863,-0.0875244,-0.364258,15.0,10.0,6.0,-0.483068,0.0,0.875583
-0.0120239,-0.0872803,-0.363281,25.0,17.0,14.0,-0.188887,0.188058,0.963824
-0.0102921,-0.0872803,-0.363281,31.0,26.0,22.0,-0.189416,0.18817,0.963698
-0.00856781,-0.0872803,-0.363281,39.0,37.0,29.0,-0.189959,0.188293,0.963567
-0.00682068,-0.0870361,-0.362305,48.0,43.0,39.0,-0.189892,0.188434,0.963553
-0.00509644,-0.0870361,-0.362305,28.0,23.0,19.0,-0.0972544,0.0947392,0.99074
-0.00337219,-0.0870361,-0.362305,22.0,17.0,13.0,0.271341,0.0,0.962483
-0.00165272,-0.0872803,-0.363281,21.0,16.0,12.0,0.274019,0.0,0.961724
0.0018034,-0.0872803,-0.363281,19.0,15.0,8.0,0.269686,0.0,0.962948
0.00354195,-0.0875244,-0.364258,23.0,19.0,12.0,0.489029,0.0,0.872267
0.00528717,-0.0877686,-0.365234,27.0,22.0,18.0,0.486902,0.0,0.873456
0.00704575,-0.0880127,-0.366211,33.0,29.0,22.0,0.529008,0.0,0.848617
0.00881195,-0.0881958,-0.367432,37.0,32.0,28.0,0.526953,0.0,0.849895
0.0105896,-0.0884399,-0.368408,28.0,23.0,19.0,0.480688,0.0,0.876892
0.0123749,-0.0886841,-0.369385,20.0,15.0,11.0,0.47911,0.0,0.877755
0.0141678,-0.0889282,-0.370361,27.0,22.0,18.0,0.170384,-0.172253,0.970205
0.0159302,-0.0889282,-0.370361,37.0,31.0,33.0,0.334692,-0.0833122,0.938638
-0.0301208,-0.0914307,-0.373291,49.0,44.0,40.0,-0.464549,0.0,0.885547
-0.0282593,-0.0911865,-0.372314,49.0,42.0,36.0,-0.52939,0.0749751,0.845059
-0.0264282,-0.0909424,-0.371338,41.0,26.0,25.0,-0.585062,0.145005,0.79792
-0.0227051,-0.09021,-0.368408,16.0,9.0,3.0,-0.536334,0.0759586,0.840581
-0.0208893,-0.0899658,-0.367432,20.0,15.0,11.0,-0.51926,0.0,0.854616
-0.0190887,-0.0897217,-0.366211,19.0,19.0,15.0,-0.522477,0.0,0.852653
-0.0173035,-0.0894775,-0.365234,21.0,21.0,17.0,-0.277464,0.27585,0.920283
-0.015564,-0.0894775,-0.365234,19.0,19.0,13.0,-0.274653,0.279558,0.920007
-0.0137863,-0.0892334,-0.364258,21.0,22.0,13.0,-0.483077,0.0,0.875578
-0.0120239,-0.0889893,-0.363281,21.0,19.0,11.0,-0.269162,0.0,0.963095
-0.0102921,-0.0889893,-0.363281,28.0,26.0,18.0,-0.270256,0.0,0.962788
-0.00854492,-0.0887451,-0.362305,21.0,18.0,13.0,-0.189991,0.191688,0.962891
-0.00682068,-0.0887451,-0.362305,33.0,31.0,23.0,-0.0955854,0.0964389,0.990739
-0.00337219,-0.0887451,-0.362305,28.0,24.0,15.0,0.189198,0.0953909,0.977295
-0.00165272,-0.0889893,-0.363281,22.0,20.0,12.0,0.362551,0.183046,0.913812
0.0018034,-0.0889893,-0.363281,46.0,46.0,40.0,0.271152,0.0,0.962537
0.00528717,-0.0894775,-0.365234,16.0,13.0,8.0,0.486886,0.0,0.873466
0.00704575,-0.0897217,-0.366211,14.0,11.0,6.0,0.529251,0.0,0.848466
0.00881195,-0.0899658,-0.367432,16.0,13.0,8.0,0.526701,0.0,0.85005
0.0105896,-0.09021,-0.368408,16.0,13.0,10.0,0.480693,0.0,0.876889
0.0123749,-0.0904541,-0.369385,17.0,17.0,13.0,0.421696,0.0836121,0.902874
0.0141678,-0.0906982,-0.370361,20.0,20.0,16.0,0.351571,0.174649,0.919726
0.0159302,-0.0906982,-0.370361,33.0,29.0,30.0,0.263291,0.0,0.964716
-0.0319824,-0.0934448,-0.374268,50.0,45.0,41.0,-0.464549,0.0,0.885547
-0.0301208,-0.0932007,-0.373291,40.0,35.0,31.0,-0.464549,0.0,0.885547
-0.0282593,-0.0929565,-0.372314,40.0,35.0,31.0,-0.613719,0.0,0.789524
-0.0263519,-0.0924683,-0.370361,29.0,20.0,15.0,-0.585062,0.145005,0.79792
-0.0227051,-0.09198,-0.368408,16.0,9.0,3.0,-0.473658,0.0,0.880709
-0.0208893,-0.0917358,-0.367432,19.0,14.0,10.0,-0.519005,0.0,0.854771
-0.0190887,-0.0914917,-0.366211,21.0,18.0,13.0,-0.522714,0.0,0.852508
-0.0173035,-0.0912476,-0.365234,25.0,22.0,17.0,-0.480693,0.0,0.876889
-0.0155258,-0.0909424,-0.364258,26.0,26.0,20.0,-0.189905,0.186631,0.963901
-0.0137863,-0.0909424,-0.364258,23.0,23.0,17.0,-0.353235,0.0883088,0.931357
-0.0120239,-0.0906982,-0.363281,22.0,19.0,14.0,-0.267714,0.0,0.963498
-0.0102921,-0.0906982,-0.363281,22.0,19.0,14.0,-0.270256,0.0,0.962788
-0.00854492,-0.0904541,-0.362305,20.0,15.0,11.0,-0.270807,0.0,0.962634
-0.0016489,-0.0904541,-0.362305,12.0,9.0,4.0,0.363462,0.181882,0.913682
7.53403e-05,-0.0906982,-0.363281,12.0,9.0,4.0,0.188698,0.0937283,0.977552
0.0018034,-0.0906982,-0.363281,15.0,12.0,7.0,0.272616,0.0,0.962123
0.00354195,-0.0909424,-0.364258,17.0,12.0,8.0,0.489025,0.0,0.87227
0.00528717,-0.0912476,-0.365234,15.0,12.0,7.0,0.486894,0.0,0.873461
0.00704575,-0.0914917,-0.366211,12.0,12.0,6.0,0.528765,0.0,0.848768
0.00881195,-0.0917358,-0.367432,13.0,12.0,12.0,0.526953,0.0,0.849895
0.0105896,-0.09198,-0.368408,13.0,13.0,9.0,0.422953,0.0838614,0.902263
0.0123749,-0.0922241,-0.369385,17.0,17.0,13.0,0.353125,0.17504,0.919056
0.0141296,-0.0922241,-0.369385,20.0,20.0,16.0,0.351571,0.174649,0.919726
0.0159302,-0.0924683,-0.370361,37.0,36.0,36.0,0.417984,0.0832364,0.904633
0.017746,-0.0927124,-0.371338,47.0,46.0,46.0,0.263815,0.0,0.964573
0.0195007,-0.0927124,-0.371338,50.0,44.0,46.0,0.990408,0.0,0.138173
0.0236969,-0.103271,-0.413574,48.0,42.0,44.0,0.989358,0.0,0.145503
-0.0319824,-0.0952759,-0.374268,46.0,43.0,38.0,-0.346751,0.167596,0.922863
-0.0301208,-0.0949707,-0.373291,38.0,33.0,29.0,-0.58025,0.143226,0.801746
-0.0282593,-0.0947266,-0.372314,33.0,23.0,21.0,-0.531256,0.303575,0.790955
-0.0263519,-0.0942383,-0.370361,31.0,19.0,17.0,-0.616828,0.0,0.787098
-0.0245209,-0.0939941,-0.369385,20.0,11.0,6.0,-0.47211,0.0,0.88154
-0.0227051,-0.09375,-0.368408,15.0,8.0,2.0,-0.473658,0.0,0.880709
-0.0208893,-0.0934448,-0.367432,16.0,8.0,5.0,-0.51926,0.0,0.854616
-0.0190887,-0.0932007,-0.366211,19.0,11.0,8.0,-0.522477,0.0,0.852653
-0.0173035,-0.0929565,-0.365234,20.0,15.0,11.0,-0.480693,0.0,0.876889
-0.0155258,-0.0927124,-0.364258,15.0,10.0,6.0,-0.267536,0.0,0.963548
-0.0137863,-0.0927124,-0.364258,15.0,12.0,7.0,-0.267169,0.0,0.96365
-0.0120239,-0.0924683,-0.363281,13.0,13.0,7.0,-0.270608,0.0,0.96269
-0.0102921,-0.0924683,-0.363281,18.0,15.0,10.0,-0.270256,0.0,0.962788
-0.00854492,-0.0921631,-0.362305,16.0,13.0,8.0,-0.270807,0.0,0.962634
-0.0016489,-0.0921631,-0.362305,9.0,9.0,3.0,0.272541,0.0,0.962144
7.53403e-05,-0.0924683,-0.363281,9.0,9.0,5.0,0.272192,0.0,0.962243
0.0018034,-0.0924683,-0.363281,11.0,11.0,7.0,0.269686,0.0,0.962948
0.00354195,-0.0927124,-0.364258,13.0,13.0,7.0,0.489029,0.0,0.872267
0.00528717,-0.0929565,-0.365234,12.0,12.0,6.0,0.429025,0.0867178,0.899121
0.00704575,-0.0932007,-0.366211,11.0,12.0,8.0,0.525516,0.264585,0.808596
0.00881195,-0.0934448,-0.367432,11.0,12.0,8.0,0.548937,0.275457,0.789172
0.0105896,-0.09375,-0.368408,11.0,15.0,10.0,0.355664,0.179002,0.917312
0.0123444,-0.09375,-0.368408,11.0,17.0,15.0,0.354051,0.177025,0.918319
0.0141296,-0.0939941,-0.369385,13.0,19.0,19.0,0.420694,0.0834135,0.90336
0.0159302,-0.0942383,-0.370361,21.0,27.0,27.0,0.418704,0.0830189,0.90432
0.017746,-0.0944824,-0.371338,26.0,32.0,34.0,0.349576,0.173281,0.920744
-0.0318909,-0.0968018,-0.373291,48.0,45.0,40.0,0.0,0.539054,0.842271
-0.0301208,-0.0968018,-0.373291,41.0,36.0,32.0,-0.647417,0.238993,0.723695
-0.0281067,-0.0960083,-0.370361,33.0,24.0,19.0,-0.579003,0.356641,0.733186
-0.0263519,-0.0960083,-0.370361,33.0,19.0,15.0,-0.348155,0.348155,0.870388
-0.0245209,-0.0957642,-0.369385,28.0,14.0,10.0,-0.472119,0.0,0.881535
-0.0227051,-0.095459,-0.368408,21.0,10.0,5.0,-0.473658,0.0,0.880709
-0.0208893,-0.0952148,-0.367432,21.0,9.0,7.0,-0.51926,0.0,0.854616
-0.0190887,-0.0949707,-0.366211,19.0,7.0,5.0,-0.522477,0.0,0.852653
-0.0173035,-0.0946655,-0.365234,19.0,10.0,5.0,-0.480693,0.0,0.876889
-0.0155258,-0.0944214,-0.364258,18.0,9.0,4.0,-0.266098,0.0,0.963946
-0.0137863,-0.0944214,-0.364258,17.0,10.0,4.0,-0.268618,0.0,0.963247
-0.0120239,-0.0941772,-0.363281,15.0,10.0,6.0,-0.269162,0.0,0.963095
-0.0102921,-0.0941772,-0.363281,15.0,10.0,6.0,-0.270256,0.0,0.962788
-0.00854492,-0.0939331,-0.362305,13.0,8.0,4.0,-0.270807,0.0,0.962634
-0.0016489,-0.0939331,-0.362305,15.0,7.0,4.0,0.271065,0.0,0.962561
7.53403e-05,-0.0941772,-0.363281,16.0,8.0,5.0,0.273684,0.0,0.96182
0.0018034,-0.0941772,-0.363281,17.0,9.0,6.0,0.272633,0.0,0.962118
0.00354195,-0.0944214,-0.364258,20.0,10.0,8.0,0.489021,0.0,0.872272
0.00528717,-0.0946655,-0.365234,24.0,9.0,8.0,0.268383,0.0,0.963312
0.00702667,-0.0946655,-0.365234,19.0,16.0,13.0,0.35872,0.179557,0.916013
0.00878906,-0.0949707,-0.366211,10.0,21.0,19.0,0.549977,0.27409,0.788923
0.0105591,-0.0952148,-0.367432,6.0,21.0,20.0,0.522029,0.259361,0.812538
0.0123444,-0.095459,-0.368408,5.0,22.0,23.0,0.423119,0.0856668,0.902015
0.0141296,-0.0957642,-0.369385,8.0,25.0,26.0,0.422109,0.0854621,0.902508
0.0159302,-0.0960083,-0.370361,15.0,32.0,33.0,0.35226,0.17613,0.919179
0.0176849,-0.0960083,-0.370361,23.0,37.0,39.0,0.270801,0.269245,0.924215
0.0195007,-0.0962524,-0.371338,47.0,41.0,45.0,0.991179,0.0233754,0.130452
0.0236969,-0.107178,-0.413574,43.0,37.0,41.0,0.989356,0.0,0.145519
-0.029953,-0.0980225,-0.371338,42.0,39.0,34.0,-0.374122,0.771626,0.514418
-0.0281067,-0.0977783,-0.370361,44.0,41.0,36.0,-0.602278,0.172186,0.779495
-0.0262756,-0.0974731,-0.369385,31.0,20.0,15.0,-0.186997,0.185385,0.964709
-0.0245209,-0.0974731,-0.369385,26.0,15.0,10.0,-0.346146,0.0872956,0.93411
-0.0227051,-0.097229,-0.368408,26.0,12.0,8.0,-0.473658,0.0,0.880709
-0.0208893,-0.0969849,-0.367432,24.0,10.0,6.0,-0.51926,0.0,0.854616
-0.0190887,-0.0966797,-0.366211,23.0,9.0,5.0,-0.522714,0.0,0.852508
-0.0173035,-0.0964355,-0.365234,23.0,9.0,5.0,-0.480693,0.0,0.876889
-0.0155258,-0.0961914,-0.364258,23.0,9.0,5.0,-0.268972,0.0,0.963148
-0.0137863,-0.0961914,-0.364258,26.0,12.0,8.0,-0.268618,0.0,0.963247
-0.0120239,-0.0958862,-0.363281,26.0,12.0,8.0,-0.269162,0.0,0.963095
-0.0102921,-0.0958862,-0.363281,24.0,13.0,8.0,-0.270256,0.0,0.962788
-0.00854492,-0.0956421,-0.362305,22.0,11.0,6.0,-0.270807,0.0,0.962634
-0.0016489,-0.0956421,-0.362305,29.0,10.0,8.0,0.274032,0.0,0.96172
7.53403e-05,-0.0958862,-0.363281,31.0,10.0,9.0,0.270716,0.0,0.962659
0.0018034,-0.0958862,-0.363281,30.0,9.0,8.0,0.271152,0.0,0.962537
0.00354195,-0.0961914,-0.364258,35.0,12.0,11.0,0.43116,0.0862511,0.898143
0.00528717,-0.0964355,-0.365234,35.0,12.0,11.0,0.358655,0.179033,0.916141
0.00702667,-0.0964355,-0.365234,23.0,15.0,14.0,0.268618,0.0,0.963247
0.00878906,-0.0966797,-0.366211,9.0,22.0,21.0,0.527942,0.0,0.849281
0.0105591,-0.0969849,-0.367432,5.0,23.0,21.0,0.525469,0.0,0.850813
0.0123444,-0.097229,-0.368408,7.0,26.0,26.0,0.422428,0.0833931,0.902552
0.0141296,-0.0974731,-0.369385,6.0,25.0,25.0,0.353817,0.176524,0.918506
0.0158844,-0.0974731,-0.369385,16.0,30.0,32.0,0.354051,0.177025,0.918319
0.0176849,-0.0977783,-0.370361,48.0,48.0,52.0,0.272666,0.135158,0.952568
-0.0281067,-0.0995483,-0.370361,44.0,45.0,36.0,-0.470588,0.0,0.882353
-0.0262756,-0.0992432,-0.369385,37.0,37.0,31.0,-0.346923,0.085983,0.933944
-0.0245209,-0.0992432,-0.369385,27.0,24.0,19.0,-0.18548,0.187107,0.96467
-0.0227051,-0.098999,-0.368408,20.0,15.0,11.0,-0.473658,0.0,0.880709
-0.0208893,-0.0986938,-0.367432,18.0,10.0,7.0,-0.519005,0.0,0.854771
-0.0190887,-0.0984497,-0.366211,16.0,8.0,5.0,-0.52224,0.0,0.852799
-0.0173035,-0.0981445,-0.365234,17.0,7.0,5.0,-0.406904,-0.0810962,0.909864
-0.0155258,-0.0979004,-0.364258,18.0,8.0,6.0,-0.327069,-0.164982,0.930487
-0.0137863,-0.0979004,-0.364258,19.0,9.0,7.0,-0.268618,0.0,0.963247
-0.0120239,-0.0976562,-0.363281,21.0,9.0,7.0,-0.269162,0.0,0.963095
-0.0102921,-0.0976562,-0.363281,22.0,11.0,6.0,-0.268797,0.0,0.963197
-0.00854492,-0.0973511,-0.362305,24.0,13.0,8.0,-0.272281,0.0,0.962218
-0.0016489,-0.0973511,-0.362305,27.0,8.0,6.0,0.272541,0.0,0.962144
7.53403e-05,-0.0976562,-0.363281,29.0,9.0,10.0,0.272192,0.0,0.962243
0.0018034,-0.0976562,-0.363281,31.0,9.0,11.0,0.269686,0.0,0.962948
0.00354195,-0.0979004,-0.364258,31.0,9.0,11.0,0.272219,0.0,0.962235
0.00527573,-0.0979004,-0.364258,31.0,12.0,10.0,0.359606,0.181096,0.915362
0.00702667,-0.0981445,-0.365234,19.0,11.0,10.0,0.42817,0.0859356,0.899603
0.00878906,-0.0984497,-0.366211,5.0,16.0,14.0,0.460037,0.104888,0.881683
0.0105591,-0.0986938,-0.367432,3.0,16.0,15.0,0.549888,0.275719,0.788418
0.0123444,-0.098999,-0.368408,8.0,19.0,19.0,0.355427,0.178493,0.917503
0.0140915,-0.098999,-0.368408,23.0,26.0,27.0,0.353817,0.176524,0.918506
0.0158844,-0.0992432,-0.369385,41.0,37.0,40.0,0.353557,0.175255,0.918849
-0.0281067,-0.101257,-0.370361,38.0,39.0,30.0,-0.470588,0.0,0.882353
-0.0262756,-0.101013,-0.369385,37.0,38.0,29.0,-0.472439,0.0,0.881363
-0.0244598,-0.100708,-0.368408,34.0,35.0,26.0,-0.187526,0.185909,0.964506
-0.0227051,-0.100708,-0.368408,31.0,32.0,26.0,-0.346576,0.0874041,0.933941
-0.0208893,-0.100464,-0.367432,24.0,25.0,21.0,-0.519513,0.0,0.854462
-0.0190887,-0.100159,-0.366211,19.0,20.0,16.0,-0.454037,-0.078663,0.887503
-0.0173035,-0.0999146,-0.365234,13.0,13.0,9.0,-0.325713,-0.162857,0.931337
-0.015564,-0.0999146,-0.365234,13.0,10.0,7.0,-0.326487,-0.163244,0.930998
-0.0137863,-0.0996094,-0.364258,13.0,10.0,5.0,-0.408571,-0.082002,0.909035
-0.0120239,-0.0993652,-0.363281,14.0,11.0,6.0,-0.269162,0.0,0.963095
-0.0102921,-0.0993652,-0.363281,13.0,10.0,5.0,-0.271731,0.0,0.962373
-0.00854492,-0.0990601,-0.362305,14.0,11.0,8.0,-0.269348,0.0,0.963043
-0.0016489,-0.0990601,-0.362305,17.0,12.0,8.0,0.272541,0.0,0.962144
7.53403e-05,-0.0993652,-0.363281,16.0,8.0,5.0,0.272192,0.0,0.962243
0.0018034,-0.0993652,-0.363281,16.0,11.0,7.0,0.272633,0.0,0.962118
0.00354195,-0.0996094,-0.364258,17.0,12.0,8.0,0.269272,0.0,0.963064
0.00527573,-0.0996094,-0.364258,17.0,12.0,8.0,0.269845,0.0,0.962904
0.00702667,-0.0999146,-0.365234,16.0,16.0,12.0,0.428552,0.0860121,0.899414
0.00878906,-0.100159,-0.366211,24.0,23.0,23.0,0.3586,0.1793,0.91611
0.0105286,-0.100159,-0.366211,28.0,31.0,30.0,0.428505,0.212855,0.878109
0.0123062,-0.100464,-0.367432,43.0,43.0,45.0,0.523352,0.25967,0.811588
-0.0353088,-0.115051,-0.413574,47.0,47.0,41.0,0.45333,0.460414,0.763224
-0.0262756,-0.102783,-0.369385,38.0,39.0,30.0,-0.0128049,-0.945715,0.324746
-0.0244598,-0.102478,-0.368408,37.0,38.0,29.0,-0.436788,-0.823851,0.36123
-0.0227051,-0.102478,-0.368408,33.0,33.0,27.0,-0.262419,0.0,0.964954
-0.0208893,-0.102234,-0.367432,31.0,32.0,26.0,-0.434746,-0.0984917,0.895151
-0.0190887,-0.101929,-0.366211,29.0,30.0,24.0,-0.390443,-0.193524,0.900057
-0.0173492,-0.101929,-0.366211,29.0,30.0,24.0,-0.325145,-0.161159,0.931831
-0.015564,-0.101624,-0.365234,24.0,25.0,19.0,-0.406684,-0.0816232,0.909915
-0.0137863,-0.101379,-0.364258,22.0,23.0,17.0,-0.408391,-0.0816064,0.909152
-0.0120239,-0.101074,-0.363281,20.0,20.0,16.0,-0.328537,-0.163548,0.930223
-0.0102921,-0.101074,-0.363281,18.0,18.0,14.0,-0.270256,0.0,0.962788
-0.00854492,-0.10083,-0.362305,17.0,18.0,14.0,-0.270807,0.0,0.962634
-0.0016489,-0.10083,-0.362305,21.0,21.0,17.0,0.272541,0.0,0.962144
7.53403e-05,-0.101074,-0.363281,22.0,23.0,19.0,0.272192,0.0,0.962243
0.0018034,-0.101074,-0.363281,29.0,29.0,29.0,0.189255,0.0940569,0.977413
0.00354195,-0.101379,-0.364258,31.0,32.0,28.0,0.361678,0.179996,0.914763
0.00527573,-0.101379,-0.364258,50.0,51.0,47.0,0.269845,0.0,0.962904
-0.0352173,-0.11676,-0.412598,49.0,46.0,41.0,0.101525,0.103112,0.989475
-0.031311,-0.11676,-0.412598,39.0,39.0,33.0,0.155597,-0.156813,0.975294
-0.0293427,-0.11676,-0.412598,35.0,35.0,29.0,0.0,-0.911802,0.410631
-0.0273895,-0.11676,-0.412598,37.0,38.0,29.0,-0.42404,-0.846816,0.321082
-0.0227051,-0.104248,-0.368408,35.0,36.0,27.0,-0.427355,-0.845987,0.318864
-0.0208893,-0.103943,-0.367432,34.0,35.0,26.0,-0.438087,-0.824502,0.358156
-0.0191498,-0.103943,-0.367432,31.0,32.0,23.0,-0.291536,-0.291536,0.911051
-0.0173492,-0.103699,-0.366211,35.0,33.0,25.0,-0.360067,-0.196588,0.911979
-0.015564,-0.103394,-0.365234,32.0,33.0,24.0,-0.480429,0.0,0.877034
-0.0137863,-0.103088,-0.364258,31.0,32.0,26.0,-0.217113,0.0,0.976146
-0.0120544,-0.103088,-0.364258,30.0,31.0,25.0,-0.243421,-0.242354,0.939154
-0.0102921,-0.102844,-0.363281,31.0,31.0,25.0,-0.331271,-0.162066,0.929513
-0.00854492,-0.102539,-0.362305,30.0,31.0,25.0,-0.352314,0.0,0.935882
-0.0016489,-0.102539,-0.362305,45.0,46.0,42.0,0.18558,0.0,0.982629
-0.0352173,-0.118713,-0.412598,49.0,46.0,41.0,-0.214466,-0.2167,0.952389
-0.031311,-0.118713,-0.412598,42.0,39.0,34.0,0.16963,0.0854778,0.981794
-0.0294189,-0.119019,-0.413574,37.0,37.0,31.0,0.169165,0.0845826,0.981952
-0.0274506,-0.119019,-0.413574,37.0,37.0,31.0,0.0805868,-0.0805868,0.993484
-0.0254822,-0.119019,-0.413574,35.0,35.0,29.0,-0.414504,-0.832315,0.36802
-0.023468,-0.118713,-0.412598,34.0,34.0,28.0,-0.427388,-0.845718,0.319532
-0.0191498,-0.105713,-0.367432,35.0,36.0,27.0,-0.679435,-0.68093,0.273317
-0.0137863,-0.104858,-0.364258,32.0,33.0,24.0,0.0,-0.94573,0.324953
-0.0120544,-0.104858,-0.364258,30.0,31.0,22.0,0.0,-0.928952,0.370201
-0.00509644,-0.104248,-0.362305,39.0,40.0,36.0,0.0,0.0,0.0
-0.0332642,-0.120667,-0.412598,48.0,45.0,40.0,-0.140837,-0.282774,0.948791
-0.031311,-0.120667,-0.412598,41.0,41.0,35.0,0.0,-0.22589,0.974153
-0.0293427,-0.120667,-0.412598,37.0,37.0,31.0,0.080769,-0.0814,0.993403
-0.0273895,-0.120667,-0.412598,35.0,35.0,29.0,0.168971,0.0851454,0.981936
-0.0254822,-0.120972,-0.413574,38.0,38.0,32.0,0.168534,0.0849253,0.982031
-0.0235138,-0.120972,-0.413574,37.0,34.0,29.0,-0.0771176,-0.15544,0.98483
-0.0215454,-0.120972,-0.413574,35.0,35.0,29.0,-0.644612,-0.671126,0.36615
-0.0156403,-0.120972,-0.413574,33.0,33.0,27.0,0.0,-0.913333,0.407213
-0.0136871,-0.120972,-0.413574,32.0,32.0,26.0,0.0,-0.931644,0.363372
-0.0333557,-0.122925,-0.413574,46.0,46.0,40.0,-0.076844,-0.154889,0.984939
-0.0313721,-0.122925,-0.413574,42.0,42.0,36.0,0.0,-0.22589,0.974153
-0.0294189,-0.122925,-0.413574,41.0,41.0,35.0,0.0,-0.22589,0.974153
-0.0274506,-0.122925,-0.413574,38.0,38.0,32.0,0.0,-0.225633,0.974212
-0.0254822,-0.122925,-0.413574,37.0,37.0,31.0,0.0804664,-0.081095,0.993453
